link,classification
https://www.theverge.com/2018/2/22/17035300/htc-u11-plus-review-android-smartphone,technology
https://www.cnn.com/2018/02/21/politics/trump-listening-sessions-parkland-students/index.html,politics
https://www.washingtonpost.com/news/post-politics/wp/2018/02/22/attacks-would-end-trump-expresses-support-for-raising-assault-rifle-age-to-21-presses-cases-for-arming-some-teachers/?hpid=hp_hp-top-table-main_pp-trump-841am%3Ahomepage%2Fstory&utm_term=.973c927a015f,politics
https://www.nytimes.com/2018/02/21/us/politics/trump-guns-school-shooting.html?hp&action=click&pgtype=Homepage&clickSource=story-heading&module=a-lede-package-region&region=top-news&WT.nav=top-news,politics
https://www.cnn.com/2018/03/15/politics/robert-mueller-donald-trump-organization-russia/index.html,politics
https://www.cnn.com/2018/03/15/politics/trump-threats-strategy/index.html,politics
https://www.cnn.com/2018/03/15/politics/jeff-flake-criticizes-gop-trump/index.html,politics
https://www.cnn.com/2018/03/15/politics/stormy-daniels-michael-cohen-analysis/index.html,politics
https://www.cnn.com/2018/03/15/politics/harry-harris-trump-kim-north-korea-summit/index.html,politics
https://www.cnn.com/2018/03/15/politics/nancy-pelosi-conor-lamb-running-against/index.html,politics
https://www.cnn.com/2018/03/15/politics/rex-tillerson-firing-state-department-reaction/index.html,politics
https://www.cnn.com/2018/03/15/politics/white-house-cabinet-turmoil/index.html,politics
https://www.cnn.com/2018/03/15/politics/david-shulkin-veterans-budget-hearing/index.html,politics
https://www.cnn.com/2018/03/15/politics/barron-trump-school-gun-action-letter/index.html,politics
https://www.cnn.com/2018/03/14/politics/melania-trump-tech-leaders-cyberbullying/index.html,politics
https://www.cnn.com/2018/03/12/politics/donald-trump-jr-chocolate-rabbit/index.html,politics
https://www.cnn.com/2018/03/15/politics/heidi-heitkamp-hillary-clinton-not-soon-enough/index.html,politics
https://www.cnn.com/2018/03/13/politics/russia-investigation-trump/index.html,politics
https://www.cnn.com/2018/03/13/politics/pompeo-trump-foreign-policy-iran-korea/index.html,politics
https://www.cnn.com/2018/03/14/politics/navy-f-a-18-jet-crash/index.html,politics
https://www.cnn.com/2018/03/14/politics/state-department-pompeo-tillerson-transition/index.html,politics
https://www.cnn.com/2018/03/11/politics/2020-vision-elizabeth-warren-democrats/index.html,politics
https://www.cnn.com/2018/03/14/politics/texas-sanctuary-cities-sb4-ruling/index.html,politics
https://www.cnn.com/2018/03/08/health/stem-cell-therapy-fda-bn/index.html,politics
http://www.latimes.com/politics/la-na-pol-shasta-dam-trump-20180315-story.html,politics
http://www.latimes.com/politics/la-na-pol-manafort-motion-20180315-story.html,politics
http://www.latimes.com/politics/la-pol-ca-california-healthcare-legislation-20180315-story.html,politics
http://www.latimes.com/politics/la-na-pol-mueller-trump-organization-20180315-story.html,politics
http://www.latimes.com/politics/la-pol-sac-skelton-california-agriculture-trump-immigration-tariffs-20180315-story.html,politics
http://www.latimes.com/local/lanow/la-me-lopez-trump-backers-20180314-story.html,politics
http://www.latimes.com/politics/la-pol-ca-essential-politics-20180314-story.html,politics
http://www.latimes.com/local/abcarian/la-me-abcarian-trump-20180313-story.html,politics
http://www.latimes.com/nation/la-na-bill-cosby-accusers-20180315-story.html,politics
https://www.bostonglobe.com/news/nation/2018/03/14/first-looked-like-democratic-wave-now-looks-like-tsunami/Fxxtcd4rjfzlbJoRZAPncP/story.html,politics
https://www.bostonglobe.com/news/politics/2018/03/14/paul-ryan-tells-colleagues-pennsylvania-race-wake-call/p1gUS39rQOgjipGL3RVgfP/story.html,politics
https://www.bostonglobe.com/news/politics/2018/03/14/senate-passes-bill-easing-dodd-frank-rules-for-banks/HSpdAobe0Og3H4Xej1CkKO/story.html,politics
https://www.bostonglobe.com/news/nation/2018/03/14/hud-secretary-carson-wife-weighed-redecorating-office-mails-show/v8UdiJRtzhmrOEs6TEm7yI/story.html,politics
https://www.bostonglobe.com/news/politics/2018/03/14/former-fbi-official-may-fired-days-before-was-set-retire/rKsvvnA44WGzbtWuwoNFWN/story.html,politics
https://www.bostonglobe.com/metro/2018/03/14/mass-students-will-march-state-house-solidarity-with-national-school-walkouts/7sVpTuaMPv85gEJOtEk5mL/story.html,politics
https://www.bostonglobe.com/news/nation/2018/03/15/trump-touts-irish-ties-but-jokes-about-country-taxes/F1bBAToAKved3TnxmG6mmK/story.html,politics
https://www.bostonglobe.com/metro/2018/03/15/congressman-now-lobbyist/Nlv2zPqGznWKoxAfETi24O/story.html,politics
https://www.bostonglobe.com/metro/2018/03/15/suffolk-field-grows-four/57NN7l43hTHBqwEENrvziN/story.html,politics
https://www.popsci.com/smart-home-routines-apple-google-amazon,technology
https://www.popsci.com/rad-and-random-music-gear,technology
https://www.popsci.com/lyft-subscription-self-driving-car,technology
https://www.popsci.com/anker-powerwave-series-wireless-chargers,technology
https://www.popsci.com/green-buildings-conservation-standards,technology
https://www.popsci.com/smartphone-camera-more-than-photos,technology
https://www.popsci.com/memory-cards-explained,technology
https://www.popsci.com/winter-apps-gadgets#page-3,technology
https://www.popsci.com/gm-cruise-av-self-driving-car,technology
https://www.popsci.com/cars-geneva-auto-show-2018,technology
https://www.popsci.com/alexa-laughing-social-robots,technology
https://www.popsci.com/last-week-tech-mwc-amazon-alexa-ring,technology
https://www.popsci.com/last-week-tech-mwc-2018-smartphones,technology
https://www.newscientist.com/subject/technology/,technology
https://www.newscientist.com/article/2163941-killer-kettles-show-security-an-afterthought-for-connected-homes/,technology
https://www.newscientist.com/article/2163935-earthquake-ai-makes-it-easier-to-predict-devastation-of-strikes/,technology
https://www.newscientist.com/article/8-8-hilarious-ways-ai-has-outsmarted-us-to-get-the-job-done/,technology
https://www.newscientist.com/article/2163810-lab-grown-pet-food-promises-a-wholesome-vegan-lifestyle-for-dogs/,technology
https://www.newscientist.com/article/mg23731690-200-face-faking-ai-isnt-just-for-porn-it-will-change-the-world/,technology
https://www.newscientist.com/article/mg23731694-100-ai-drones-are-controlling-self-driving-diggers-on-building-sites/,technology
https://www.newscientist.com/article/2163554-chemistry-bots-collude-on-twitter-to-speed-up-their-experiments/,technology
https://www.newscientist.com/article/2163460-10m-prize-to-let-you-feel-what-a-distant-robot-is-feeling/,technology
https://www.newscientist.com/article/2163478-start-up-accused-of-launching-mini-satellites-without-permission/,technology
https://www.newscientist.com/article/mg23731682-500-we-need-to-be-mindful-as-we-develop-thought-reading-tech/,technology
https://www.nytimes.com/2018/03/15/us/politics/russia-cyberattacks.html?rref=collection%2Fsectioncollection%2Ftechnology&action=click&contentCollection=technology&region=rank&module=package&version=highlights&contentPlacement=1&pgtype=sectionfront,technology
https://www.nytimes.com/2018/03/16/style/karlie-kloss-kan-kode.html?rref=collection%2Fsectioncollection%2Ftechnology&action=click&contentCollection=technology&region=stream&module=stream_unit&version=latest&contentPlacement=1&pgtype=sectionfront,technology
https://www.nytimes.com/2018/03/15/technology/military-artificial-intelligence.html?rref=collection%2Fsectioncollection%2Ftechnology&action=click&contentCollection=technology&region=stream&module=stream_unit&version=latest&contentPlacement=6&pgtype=sectionfront,technology
https://www.nytimes.com/2018/03/15/technology/saudi-arabia-hacks-cyberattacks.html?rref=collection%2Fsectioncollection%2Ftechnology&action=click&contentCollection=technology&region=stream&module=stream_unit&version=latest&contentPlacement=7&pgtype=sectionfront,technology
https://www.nytimes.com/2018/03/14/technology/lyft-magna-driverless-cars.html?rref=collection%2Fsectioncollection%2Ftechnology&action=click&contentCollection=technology&region=stream&module=stream_unit&version=latest&contentPlacement=8&pgtype=sectionfront,technology
https://www.nytimes.com/2018/03/14/technology/tech-leaders-growing-up.html?rref=collection%2Fsectioncollection%2Ftechnology&action=click&contentCollection=technology&region=stream&module=stream_unit&version=latest&contentPlacement=10&pgtype=sectionfront&mtrref=www.nytimes.com&mtrref=www.nytimes.com&gwh=8DD3C30C6760716B1682E2B56578798B&gwt=pay,technology
https://www.nytimes.com/2018/03/14/technology/google-bitcoin-advertising.html?rref=collection%2Fsectioncollection%2Ftechnology&action=click&contentCollection=technology&region=stream&module=stream_unit&version=latest&contentPlacement=3&pgtype=sectionfront&mtrref=www.nytimes.com&gwh=9CEA4DF0A0788176F75F7F5CC7BA278B&gwt=pay,technology
https://www.nytimes.com/2018/03/13/smarter-living/how-to-encrypt-your-computers-data.html?rref=collection%2Fsectioncollection%2Ftechnology&action=click&contentCollection=technology&region=stream&module=stream_unit&version=latest&contentPlacement=7&pgtype=sectionfront&mtrref=www.nytimes.com&gwh=C69F9713E7D01392C04D596DA8916E8A&gwt=pay,technology
https://www.nytimes.com/video/technology/100000005794066/need-a-lift-check-out-this-flying-taxi.html?rref=collection%2Fsectioncollection%2Ftechnology&action=click&contentCollection=technology&region=stream&module=stream_unit&version=latest&contentPlacement=8&pgtype=sectionfront,technology
https://www.nytimes.com/2018/03/12/business/media/instagram-bots.html?rref=collection%2Fsectioncollection%2Ftechnology&action=click&contentCollection=technology&region=stream&module=stream_unit&version=latest&contentPlacement=10&pgtype=sectionfront,technology
https://www.nytimes.com/2018/03/13/technology/personaltech/google-play-protect-security.html?rref=collection%2Fsectioncollection%2Ftechnology&action=click&contentCollection=technology&region=stream&module=stream_unit&version=latest&contentPlacement=12&pgtype=sectionfront&mtrref=www.nytimes.com&mtrref=www.nytimes.com,technology
http://www.pewresearch.org/fact-tank/2018/03/19/share-of-married-adults-varies-widely-across-u-s-religious-groups/,religion
https://www.religionnews.com/2018/03/19/6-reasons-mormons-should-check-out-the-good-place/,religion
https://www.religionnews.com/2018/03/14/a-brief-history-of-stephen-hawkings-atheism/,religion
https://www.religionnews.com/2018/01/02/evangelicals-surprising-view-of-science-and-what-it-may-mean/,religion
https://www.religionnews.com/2018/02/07/as-cape-towns-water-crisis-nears-day-zero-faith-groups-spring-into-action/,religion
https://www.religionnews.com/2018/01/26/for-christians-the-green-revolution-is-stalling-and-politics-may-be-why/,religion
https://www.religionnews.com/2018/03/19/kentucky-considers-law-on-student-prayer/,religion
https://www.religionnews.com/2018/03/19/dc-councilman-apologizes-for-claiming-the-weather-is-controlled-by-jews/,religion
https://www.religionnews.com/2018/03/19/modest-streetwear-for-muslim-women/,religion
https://www.religionnews.com/2018/03/18/vatican-bows-to-pressure-releases-retired-popes-letter/,religion
https://www.religionnews.com/2018/03/17/streets-deserted-airport-closes-for-balis-day-of-silence/,religion
https://www.religionnews.com/2018/03/16/trump-inauguration-bible-heads-to-museum/,religion
https://www.nytimes.com/2018/03/02/arts/dance/reggie-wilson-dancing-platform-praying-grounds-danspace.html?rref=collection%2Ftimestopic%2FReligion%20and%20Belief&action=click&contentCollection=timestopics&region=stream&module=stream_unit&version=latest&contentPlacement=3&pgtype=collection,religion
https://www.nytimes.com/2018/02/28/opinion/the-power-of-religion.html?rref=collection%2Ftimestopic%2FReligion%20and%20Belief&action=click&contentCollection=timestopics&region=stream&module=stream_unit&version=latest&contentPlacement=5&pgtype=collection,religion
http://time.com/5183579/kosher-foods-passover/,religion
http://time.com/5180722/why-graham-family-dynamic-reveals-the-evangelical-movements-rifts/,religion
http://time.com/5169730/billy-graham-rick-warren/,religion
http://time.com/5103677/church-state-separation-religious-freedom/,religion
http://time.com/5085520/thomas-monson-mormon-church-president-died/,religion
http://time.com/5056834/secular-faith-sandy-hook/,religion
http://time.com/4980984/pope-francis-death-penalty-catholic-church/,religion
http://time.com/4951966/byu-brigham-young-soda/,religion
http://time.com/collection/guide-to-happiness/4856978/spirituality-religion-happiness/,religion
http://time.com/4883110/adam-eve-bruce-feiler-love/,religion
http://time.com/4810200/millennial-priests/,religion
http://time.com/4816985/catholics-lgbtq-acceptance/,religion
http://time.com/4810485/next-generation-of-catholic-priests/,religion
http://time.com/4723456/jehovahs-witness-russia-supreme-court/,religion
http://time.com/4722056/mormon-henry-eyring-dead-baptism/,religion
http://time.com/4710627/bruce-feiler-adam-eve-love/,religion
http://time.com/4705034/st-patricks-day-corned-beef-lent/,religion
http://time.com/4687250/white-privilege-lent/,religion
http://time.com/4654983/donald-trump-ban-christianity/,religion
https://www.nytimes.com/2018/03/29/us/politics/trump-amazon-taxes.html?rref=collection%2Fsectioncollection%2Fpolitics,politics
https://www.nytimes.com/video/us/politics/100000005818674/why-john-boltons-2005-nomination-sputtered.html?rref=collection%2Fsectioncollection%2Fpolitics,politics
https://www.nytimes.com/2018/03/29/us/politics/john-bolton-national-security.html?rref=collection%2Fsectioncollection%2Fpolitics,politics
https://www.nytimes.com/2018/03/29/us/politics/john-bolton-national-security.html?rref=collection%2Fsectioncollection%2Fpolitics,politics
https://www.nytimes.com/2018/03/28/us/politics/trump-roseanne-barr-ratings.html?rref=collection%2Fsectioncollection%2Fpolitics,politics
https://www.nytimes.com/2018/03/28/us/arizona-race-trump-stormy-daniels-lesko-tipirneni.html?rref=collection%2Fsectioncollection%2Fpolitics,politics
https://www.nytimes.com/2018/03/28/us/politics/justice-department-carter-page-surveillance.html?rref=collection%2Fsectioncollection%2Fpolitics,politics
https://www.nytimes.com/2018/03/28/business/trump-china-world-trade.html?rref=collection%2Fsectioncollection%2Fpolitics,politics
https://www.nytimes.com/2018/03/28/us/politics/pentagon-transgender-ban-legal-challenges.html?rref=collection%2Fsectioncollection%2Fpolitics,politics
https://www.nytimes.com/2018/03/28/us/politics/david-shulkin-veterans-affairs-trump.html?rref=collection%2Fsectioncollection%2Fpolitics,politics
https://www.nytimes.com/2018/03/28/world/africa/us-drone-strike-libya-qaeda.html?rref=collection%2Fsectioncollection%2Fpolitics,politics
https://www.nytimes.com/2018/03/28/us/nancy-mcfadden-59-adviser-to-bill-clinton-and-jerry-brown-dies.html?rref=collection%2Fsectioncollection%2Fpolitics,politics
https://www.nytimes.com/2018/03/28/business/media/walmart-cosmo.html?rref=collection%2Fsectioncollection%2Fpolitics,politics
https://www.nytimes.com/2018/03/28/business/media/roseanne-revival-wins-huge-tv-ratings.html?rref=collection%2Fsectioncollection%2Fpolitics,politics
https://www.nytimes.com/2018/03/28/us/politics/trump-pardon-michael-flynn-paul-manafort-john-dowd.html?rref=collection%2Fsectioncollection%2Fpolitics,politics
https://www.nytimes.com/2018/03/28/us/politics/supreme-court-elections-gerrymander.html?rref=collection%2Fsectioncollection%2Fpolitics,politics
https://www.nytimes.com/2018/03/28/us/politics/rick-gates-trump-campaign-russian-intelligence.html?rref=collection%2Fsectioncollection%2Fpolitics,politics
https://www.nytimes.com/2018/03/28/business/media/cambridge-analytica-advertising-award.html?rref=collection%2Fsectioncollection%2Fpolitics,politics
https://www.nytimes.com/2018/03/28/insider/2016-election-times-reporter.html?rref=collection%2Fsectioncollection%2Fpolitics,politics
https://www.nytimes.com/2018/03/28/us/politics/trump-second-amendment.html?rref=collection%2Fsectioncollection%2Fpolitics,politics
https://www.nytimes.com/2018/03/28/us/politics/jeff-sessions-jared-kushner-prisons.html?rref=collection%2Fsectioncollection%2Fpolitics,politics
https://www.nytimes.com/2018/03/27/us/politics/trump-south-korea-trade-deal.html?rref=collection%2Fsectioncollection%2Fpolitics,politics
https://www.nytimes.com/2018/03/27/us/politics/trump-giuseppe-cecchi-donors.html?rref=collection%2Fsectioncollection%2Fpolitics,politics
https://www.nytimes.com/2018/03/27/us/census-citizenship-question.html?rref=collection%2Fsectioncollection%2Fpolitics,politics
https://www.nytimes.com/2018/03/27/us/politics/homeland-security-election-meddling.html?rref=collection%2Fsectioncollection%2Fpolitics,politics
https://www.nytimes.com/2018/03/27/us/politics/trump-temporary-immigration-status-liberians.html?rref=collection%2Fsectioncollection%2Fpolitics,politics
https://www.nytimes.com/2018/03/27/us/politics/trump-david-shulkin-veterans-affairs-secretary.html?rref=collection%2Fsectioncollection%2Fpolitics,politics
https://www.nytimes.com/2018/03/27/us/politics/census-citizenship-question.html?rref=collection%2Fsectioncollection%2Fpolitics,politics
https://www.nytimes.com/2018/03/27/business/media/breitbart-news-live-events.html?rref=collection%2Fsectioncollection%2Fpolitics,politics
https://www.nytimes.com/2018/03/27/us/parkland-students-hogg-gonzalez.html?rref=collection%2Fsectioncollection%2Fpolitics,politics
https://www.nytimes.com/2018/03/27/business/economy/trump-china-economy.html?rref=collection%2Fsectioncollection%2Fpolitics,politics
http://www.latimes.com/politics/la-na-pol-essential-washington-updates-trump-attacks-jerry-brown-jeff-bezos-on-1522504393-htmlstory.html#nt=oft-Triple%20Chain~Feed-Driven%20Flex%20Feature~topic-chain-1~topic-feed-1~368~1~no-art~automated~curatedpage,politics
http://www.latimes.com/politics/essential/la-pol-ca-essential-politics-updates-gov-jerry-brown-issues-dozens-of-1522447011-htmlstory.html#nt=oft-Triple%20Chain~Feed-Driven%20Flex%20Feature~topic-chain-1~topic-feed-2~573~1~no-art~automated~curatedpage,politics
http://www.latimes.com/politics/la-na-pol-essential-washington-updates-in-trump-s-orbit-few-people-are-safe-1522447415-htmlstory.html#nt=oft-Triple%20Chain~Feed-Driven%20Flex%20Feature~topic-chain-1~topic-feed-3~790~1~yes-art~automated~curatedpage,politics
http://www.latimes.com/politics/latimes.com/cahouserankings,politics
http://www.latimes.com/politics/la-pol-ca-census-citizenship-becerra-20180326-story.html#nt=oft-Single%20Chain~Feed-Driven%20Flex%20Feature~topic-chain-3~topic-feed-5~1371~1~yes-art~automated~curatedpage,politics
http://www.latimes.com/politics/la-pol-ca-digital-ads-targeting-20180326-story.html#nt=oft-Single%20Chain~Feed-Driven%20Flex%20Feature~topic-chain-3~topic-feed-6~1371~1~yes-art~automated~curatedpage,politics
http://www.latimes.com/politics/essential/la-pol-ca-essential-politics-updates-california-sues-sutter-health-alleging-1522437799-htmlstory.html#nt=oft-Double%20Chain~Feed-Driven%20Flex%20Feature~topic-chain-4~topic-feed-7~1636~1~yes-art~automated~curatedpage,politics
http://www.latimes.com/politics/essential/la-pol-ca-essential-politics-updates-gov-jerry-brown-issues-dozens-of-1522447011-htmlstory.html#nt=oft-Triple%20Chain~Recommender~section-recommenders~california-politics~3117~1~yes-art~automated~curatedpage,politics
http://www.latimes.com/politics/la-na-pol-trump-cabinet-20180330-htmlstory.html#nt=oft-Triple%20Chain~Recommender~section-recommenders~most-popular~3117~1~yes-art~automated~curatedpage,politics
http://www.latimes.com/local/lanow/la-me-stephon-clark-protest-20180331-story.html#nt=oft-Triple%20Chain~Recommender~section-recommenders~voices~3117~2~yes-art~automated~curatedpage,politics
http://www.latimes.com/local/lanow/la-me-ln-blessing-animals-20180331-story.html#nt=oft-Triple%20Chain~Recommender~section-recommenders~voices~3117~3~yes-art~automated~curatedpage,politics
http://www.latimes.com/local/lanow/la-me-farmworkers-ice-20180316-htmlstory.html#nt=oft-Triple%20Chain~Recommender~section-recommenders~voices~3117~4~yes-art~automated~curatedpage,politics
http://www.latimes.com/local/lanow/la-me-tj-aiport-20180331-story.html#nt=oft-Triple%20Chain~Recommender~section-recommenders~voices~3117~5~yes-art~automated~curatedpage,politics
http://www.latimes.com/local/lanow/la-me-stephon-clark-explainer-20180330-story.html#nt=oft-Triple%20Chain~Recommender~section-recommenders~voices~3117~6~yes-art~automated~curatedpage,politics
https://www.bostonglobe.com/news/politics/2018/03/29/the-most-famous-baseball-glove-newton-north-high-school-was-once-used-barack-obama/3ekxP8decdKBbm86g75hsJ/story.html,politics
https://www.bostonglobe.com/metro/2018/03/29/the-house-waived-all-past-ndas-but-won-release-them/vQ7Fu4KWtuPd153SLSBfYK/story.html,politics
https://www.bostonglobe.com/metro/2018/03/28/man-who-died-quietly-andover-fire-was-actually-notorious-for-massive-campaign-fraud/VHP0BcLTQNc0Kbzka2JeQI/story.html,politics
https://www.bostonglobe.com/metro/2018/03/28/sean-spicer-coming-town-raise-money-for-opponent-elizabeth-warren-sean-spicer-coming-town-raise-money-for-opponent-elizabeth-warren/FNIpBDs3n70RYDw8lJBVbN/story.html,politics
https://www.bostonglobe.com/metro/2018/03/21/another-state-senator-moves-exit-diana-dizoglio-eyes-her-seat/SsgnKj1wyMMUHO6ueQWIgN/story.html,politics
https://www.bostonglobe.com/metro/2018/03/20/gardner-museum-security-chief-run-for-mass-secretary-state/I59hw2YBNs58qrJXvqDjDO/story.html,politics
https://www.bostonglobe.com/metro/2018/03/20/mass-afl-cio-aide-launching-run-for-state-senate/4ziPiigiwxrPE21WZc7l4J/story.html,politics
https://www.bostonglobe.com/metro/2018/03/06/civil-rights-hero-john-lewis-endorses-mike-capuano/ksHpI49c8O5IR7FvY02PyL/story.html,politics
https://www.bostonglobe.com/metro/2018/03/06/there-new-candidate-for-state-senate-president/KDf0QG0NFi8CN1i1XKUxGK/story.html,politics
https://www.bostonglobe.com/metro/2018/03/05/verbatim-said-made-you-mayor-you-don-forget-words-like-that/semJYddvMvsa9Gdu4HYccO/story.html,politics
https://www.bostonglobe.com/news/nation/2018/03/29/laura-ingraham-faces-calls-for-boycott-after-taunting-parkland-activist-over-college-rejections/RphaQMyfK6InW31mrOaxRO/story.html,politics
https://www.bostonglobe.com/metro/2018/03/29/senator-husband-indicted-sexual-assault-criminal-lewdness-charges/RZX1iCQf286qXxaeBRj6FJ/story.html,politics
https://www.bostonglobe.com/news/nation/2018/03/31/tension-over-north-carolina-bathroom-bill-lingers/9FYiVJJeZ7sGKbbc7C5U1N/story.html,politics
https://www.bostonglobe.com/metro/2018/03/30/upheaval-hits-state-senate/XArsZWCXNMetQqMTBKIH2H/story.html,politics
https://www.bostonglobe.com/news/nation/2018/03/29/sessions-says-new-special-counsel-yet-for-republican-concerns/7aJjAJR32tPfnIfmlwa63O/story.html,politics
https://www.bostonglobe.com/news/politics/2018/03/29/trump-ohio-don-know-what-that-means-community-college/xfQoiVo09HwydakyUD5ycN/story.html,politics
https://www.bostonglobe.com/lifestyle/2018/03/30/actress-stacey-dash-withdraws-from-california-house-race/JFfDtMf7eUzCm1FvcpGvtK/story.html,politics
https://www.bostonglobe.com/metro/2018/03/29/things-about-new-secretary-and-challenges-inherits/3m0nFjHTFT69JErxLSJUjM/story.html,politics
https://www.bostonglobe.com/news/nation/2018/03/30/office-that-screens-trump-appointees-plagued-inexperience/trRjJLBOzYEI4S07562vjP/story.html,politics
https://www.nbcnews.com/politics/politics-news/california-governor-pardons-5-men-facing-deportation-n861706,politics
https://www.nbcnews.com/politics/politics-news/female-democratic-younger-emily-s-list-charts-path-long-term-n860746,politics
https://www.nbcnews.com/politics/politics-news/epa-chief-paid-50-night-dc-condo-linked-lobbyist-n861621,politics
https://www.nbcnews.com/politics/politics-news/gofundme-page-fired-fbi-no-2-mccabe-legal-defense-fund-n861581,politics
https://www.nbcnews.com/politics/politics-news/texas-woman-gets-5-years-prison-voting-illegally-n861516,politics
https://www.nbcnews.com/politics/politics-news/fired-va-head-shulkin-says-political-appointees-were-focused-privatization-n861351,politics
https://www.nbcnews.com/politics/politics-news/fact-check-7-things-trump-didn-t-get-quite-right-n861316,politics
https://www.nbcnews.com/politics/politics-news/russia-expel-diplomats-close-u-s-consulate-tit-tat-over-n861211,politics
https://www.nbcnews.com/politics/politics-news/donald-trump-jr-eric-trump-hit-back-jeb-bush-after-n861156,politics
https://www.nbcnews.com/politics/politics-news/james-baker-china-holds-key-denuclearization-north-korea-n860846,politics
https://www.nbcnews.com/news/world/julian-assange-ecuador-cutting-wikileaks-founder-s-communications-n860841,politics
https://www.nbcnews.com/politics/politics-news/trump-s-legal-team-elevates-andrew-ekonomou-little-known-atlanta-n860676,politics
https://www.nbcnews.com/politics/politics-news/pence-laces-north-dakota-sen-heitkamp-private-event-n860586,politics
https://www.nbcnews.com/politics/politics-news/lewandowski-trump-very-well-could-ditch-chief-staff-position-if-n859836,politics
https://www.nbcnews.com/politics/politics-news/sen-warner-facebook-has-not-been-fully-forthcoming-n859831,politics
https://www.nbcnews.com/politics/politics-news/republican-majority-trouble-does-gop-want-trump-s-help-saving-n859146,politics
https://www.nbcnews.com/politics/politics-news/republican-majority-trouble-does-gop-want-trump-s-help-saving-n859146,politics
https://www.nbcnews.com/politics/politics-news/politicians-admire-marchers-aren-t-changing-their-minds-n859776,politics
https://www.nbcnews.com/politics/politics-news/retired-justice-john-paul-stevens-urges-repeal-2nd-amendment-n860326,politics
https://www.nbcnews.com/news/us-news/stormy-daniels-lawyer-email-shows-cohen-tried-keep-me-case-n860156,politics
https://www.nbcnews.com/politics/politics-news/trump-won-t-add-lawyers-legal-team-despite-announcement-n859871,politics
https://www.cnn.com/2018/03/31/politics/donald-trump-attacks-amazon-washington-post/index.html,politics
https://www.cnn.com/2018/03/31/us/vermont-lawmakers-gun-control/index.html,politics
https://www.cnn.com/2018/03/31/politics/roseanne-barr-conspiracy-tweets/index.html,politics
https://www.cnn.com/2018/03/31/politics/syria-us-uk-troops-killed-ied-blast/index.html,politics
https://www.cnn.com/2018/03/31/politics/jimmy-carter-trump-late-show/index.html,politics
https://www.cnn.com/2018/03/31/politics/trump-syria-funds/index.html,politics
https://www.cnn.com/2018/03/31/politics/esty-could-lose-house-seat/index.html,politics
https://www.cnn.com/2018/03/30/politics/mccabe-comey-fbi-report/index.html,politics
https://www.cnn.com/2018/03/31/politics/mccabe-legal-fund-defense-money/index.html,politics
https://www.cnn.com/2018/03/31/politics/us-withdraw-syria-trump/index.html,politics
https://www.cnn.com/2018/03/30/politics/fbi-malloch-questions-mueller/index.html,politics
https://www.cnn.com/2018/03/30/politics/aclu-pregnant-undocumented-teens/index.html,politics
https://www.cnn.com/2018/03/30/politics/david-shulkin-media-blitz/index.html,politics
https://www.cnn.com/2018/03/30/politics/white-house-office-trump-personnel-staff/index.html,politics
https://www.cnn.com/2018/03/30/politics/trump-second-chance-month-crime/index.html,politics
https://www.cnn.com/2018/03/29/politics/trump-staffing/index.html,politics
https://www.cnn.com/2018/03/30/politics/donald-trump-national-sexual-assault-awareness-month/index.html,politics
https://www.cnn.com/2018/03/30/politics/trump-roseanne-and-representation-in-media/index.html,politics
https://www.cnn.com/2018/03/30/politics/scott-pruitt-epa-white-house/index.html,politics
https://www.cnn.com/2018/03/29/politics/jeb-bush-donald-trump-jr/index.html,politics
https://www.cnn.com/2018/03/29/politics/sessions-prosecutor-fbi-misconduct-clinton-uranium-one-special-counsel/index.html,politics
https://www.cnn.com/2018/03/30/politics/elizabeth-esty-not-resigning/index.html,politics
https://www.cnn.com/2018/03/29/politics/mueller-gates-russia-investigation-contacts/index.html,politics
https://www.cnn.com/2018/03/23/politics/digenova-role-trump-legal-team/index.html,politics
https://www.cnn.com/2018/03/30/politics/epa-pruitt-travel-whitehouse-rose-bowl-disneyland/index.html,politics
https://www.cnn.com/2018/03/15/politics/robert-mueller-donald-trump-organization-russia/index.html,politics
https://www.cnn.com/2018/03/13/politics/russia-investigation-trump/index.html,politics
https://www.cnn.com/2018/03/30/politics/elizabeth-esty-staffer-abuse/index.html,politics
https://www.cnn.com/2018/03/30/politics/clinton-midterms-boogeyman/index.html,politics
https://www.cnn.com/2018/03/30/politics/nikki-haley-karen-pierce-new-ambassador-welcome/index.html,politics
https://www.cnn.com/2018/03/30/politics/eric-holder-2020-decision-next-year/index.html,politics
https://www.cnn.com/2018/03/30/politics/ethan-sonneborn-governor-vermont-teen-trnd/index.html,politics
https://www.cnn.com/2018/03/27/politics/hayden-russian-trolls-cnntv/index.html,politics
https://www.cnn.com/2018/03/30/politics/politics-dislike-other-groups-other-party-party-identity/index.html,politics
https://www.cnn.com/2018/03/30/us/david-hogg-laura-ingraham-cnntv/index.html,politics
https://www.cnn.com/2018/03/27/politics/experts-trump-iran-nuclear-letter/index.html,politics
https://www.cnn.com/2018/03/27/politics/general-hyten-hypersonic-weapon-threat/index.html,politics
https://www.cnn.com/2018/03/27/politics/supreme-court-prepares-for-right-turn/index.html,politics
https://www.cnn.com/2018/03/28/politics/supreme-court-gerrymandering/index.html,politics
https://www.cnn.com/2018/03/23/politics/khizr-khan-brief-muslim-travel-ban-supreme-court/index.html,politics
https://www.cnn.com/2018/03/28/politics/mattis-isolated-bolton-pompeo-trump/index.html,politics
https://www.cnn.com/2018/03/28/politics/us-special-forces-isis-raid-video/index.html,politics
https://www.cnn.com/2018/03/29/europe/russia-expels-us-diplomats-intl/index.html,politics
https://www.cnn.com/2018/03/28/politics/trump-kim-china-summit-intl/index.html,politics
https://www.popsci.com/2018-new-york-international-auto-show-cars?loc=contentwell&lnk=2018-new-york-international-auto-show-crossovers-and-driverassist-tech-abound&dom=section-1,technology
https://www.popsci.com/spring-hiking-apps-gadgets,technology
https://www.popsci.com/tiangong-crash-update,technology
https://www.popsci.com/booze-goes-green,technology
https://www.popsci.com/dji-commercial-drone-sdk,technology
https://www.popsci.com/electronic-fabric-charging-wet,technology
https://www.popsci.com/neural-network-bakes-a-cake,technology
https://www.popsci.com/can-artificial-intelligence-solve-internets-fake-news-problem,technology
https://www.popsci.com/alexa-laughing-social-robots,technology
https://www.popsci.com/google-clips,technology
https://www.popsci.com/candy-heart-messages-artificial-intelligence,technology
https://www.popsci.com/robot-uprising-enlightenment-now,technology
https://www.popsci.com/how-facial-recognition-tech-works-china,technology
https://www.popsci.com/chronicle-mysterious-alphabet-cybersecurity-company,technology
https://www.popsci.com/personal-robot-butlers-ces-2018,technology
https://www.popsci.com/ces-2018-all-cool-new-gadgets-from-day-two,technology
https://www.popsci.com/artificial-intelligence-discovered-new-exoplanets,technology
https://www.popsci.com/video-database-artificial-intelligence-learn-actions,technology
https://www.popsci.com/ai-politics-google-street-view-cars,technology
https://www.popsci.com/nasa-ai-drone-race,technology
https://www.popsci.com/primer-ai-intelligence-analysts,technology
https://www.popsci.com/secure-facebook-account,technology
https://www.popsci.com/last-week-tech-facebook-data-issue-flying-taxis,technology
https://www.popsci.com/amazon-cameras,technology
https://www.popsci.com/social-security-number-equifax-leak,technology
https://www.popsci.com/private-browsing,technology
https://www.popsci.com/https-web-security-chrome,technology
https://www.theverge.com/2018/3/31/17183606/google-maps-wheres-waldo-game-april-fools-week,technology
https://www.theverge.com/2018/3/31/17182178/ny-auto-show-2018-best-worst-weirdest-cars,technology
https://www.theverge.com/2018/3/30/17179100/facebook-memo-leaks-boz-andrew-bosworth,technology
https://www.theverge.com/2018/3/30/17182824/tesla-model-x-crash-autopilot-statement,technology
https://www.theverge.com/2018/3/29/17173362/apple-swift-playgrounds-xcode-cliff-ipad-learn-to-code-education,technology
https://www.theverge.com/2018/3/28/17169008/apple-ipad-education-google-pencil-ar-media,technology
https://www.theverge.com/2018/3/31/17184000/president-donald-trump-amazon-usps-washington-post-tweets,technology
https://www.theverge.com/tldr/2018/3/30/17180484/instagram-terminal-feed-hack-python-command-line,technology
https://www.theverge.com/2018/3/30/17180114/apple-ipad-pencil-in-store-best-buy,technology
https://www.theverge.com/circuitbreaker/2018/3/30/17179694/zte-tempo-go-android-one-price-specs-us,technology
https://www.theverge.com/circuitbreaker/2018/3/30/17179518/note-8-android-oreo-update-us,technology
https://www.theverge.com/circuitbreaker/2018/3/30/17180042/macos-external-gpu-support-graphics-card,technology
https://www.theverge.com/2018/3/29/17176894/google-removes-kodi-search-autocomplete-anti-piracy,technology
https://www.theverge.com/circuitbreaker/2018/3/29/17176604/festo-bionic-spider-flying-fox,technology
https://www.theverge.com/2018/3/29/17176740/apple-health-records-app-ios-update,technology
https://www.newscientist.com/article/2165351-gm-worms-make-a-super-silk-completely-unknown-in-nature/,technology
https://www.newscientist.com/article/2165166-bursting-your-twitter-bubble-actually-makes-you-more-extreme/,technology
https://www.newscientist.com/article/mg23731712-600-how-a-dedicated-cyber-court-could-halt-the-rise-of-online-crime/,technology
https://www.nytimes.com/2018/03/31/business/media/amazon-google-privacy-digital-assistants.html?rref=collection%2Fsectioncollection%2Ftechnology,technology
https://www.nytimes.com/2018/03/31/business/media/spotify-streaming-music.html?rref=collection%2Fsectioncollection%2Ftechnology,technology
https://www.nytimes.com/2018/03/30/opinion/local-government-cyberattack.html?rref=collection%2Fsectioncollection%2Ftechnology,technology
https://www.nytimes.com/2018/03/29/business/tesla-elon-musk.html?rref=collection%2Fsectioncollection%2Ftechnology,technology
https://www.nytimes.com/2018/03/29/technology/microsoft-reorganizes-to-fuel-cloud-and-ai-businesses.html?rref=collection%2Fsectioncollection%2Ftechnology,technology
https://www.nytimes.com/2018/03/29/us/politics/trump-amazon-taxes.html?rref=collection%2Fsectioncollection%2Ftechnology,technology
https://www.nytimes.com/2018/03/29/opinion/facebook-privacy-zuckerberg-society.html?rref=collection%2Fsectioncollection%2Ftechnology,technology
https://www.livescience.com/62179-tesla-fire-cleanup-danger.html,technology
https://www.livescience.com/62087-famous-mathematician-joseph-fourier-250.html,technology
https://www.livescience.com/62169-liquid-3d-sculptures-water-oil.html,technology
https://www.livescience.com/62070-driverless-car-kills-pedestrian-tempe-safety.html,technology
https://www.livescience.com/62046-watch-mit-robot-set-rubiks-cube-speed-record.html,technology
https://www.livescience.com/62042-helmets-one-strange-rock.html,technology
https://www.livescience.com/62014-stephen-hawking-has-died.html,technology
https://www.livescience.com/61994-flippy-burger-flipping-robot-flops.html,technology
https://www.livescience.com/61993-quantum-message-double-speed.html,technology
https://www.livescience.com/61990-europe-clocks-are-slowing.html,technology
https://www.livescience.com/61982-mit-fusion-strongest-electromagnet.html,technology
https://www.livescience.com/61952-google-providing-ai-drone-footage-department-of-defense.html,technology
https://www.livescience.com/61920-nuclear-russia-torpedo-cruise-missile-why.html,technology
https://www.livescience.com/61909-cimon-floating-brain-iss.html,technology
https://www.livescience.com/61904-can-sound-be-a-weapon.html,technology
https://www.livescience.com/61847-virgin-hyperloop-dubai-to-abu-dhabi.html,technology
https://www.livescience.com/61840-robot-dog-fights-off-human.html,technology
https://www.livescience.com/61839-jeff-bezos-10000-year-clock.html,technology
https://www.livescience.com/61837-why-elon-musk-departs-openai.html,technology
https://www.livescience.com/61827-antimatter-van-plan.html,technology
https://www.livescience.com/61818-ai-fueled-robot-learns-how-to-love-on-paper-at-least.html,technology
https://www.livescience.com/61791-pencil-robots-may-solve-universe-mysteries.html,technology
https://www.livescience.com/61758-quiet-supersonic-nasa.html,technology
https://www.livescience.com/61763-single-atom-ion-trap-photo.html,technology
http://www.bbc.com/news/technology-43580972,technology
http://www.bbc.com/news/world-us-canada-43601557,technology
http://www.bbc.com/news/world-us-canada-43604440,technology
http://www.bbc.com/news/technology-43594959,technology
http://www.bbc.com/news/technology-43596000,technology
http://www.bbc.com/news/technology-43596004,technology
http://www.bbc.com/news/technology-43571809,technology
http://www.bbc.com/news/technology-43489408,technology
http://www.bbc.com/news/technology-43581892,technology
https://www.wired.com/story/virtual-reality-wedding/,technology
https://www.wired.com/story/emmanuel-macron-talks-to-wired-about-frances-ai-strategy/,technology
https://www.sciencealert.com/google-deep-mind-has-learned-to-become-highly-aggressive-in-stressful-situations,technology
https://www.sciencealert.com/google-deep-mind-has-learned-to-become-highly-aggressive-in-stressful-situations,technology
https://www.sciencealert.com/turns-out-crispr-doesn-t-introduce-hundreds-of-unexpected-mutations-after-all-genetic-editing-variants,technology
https://www.sciencealert.com/how-to-find-out-your-facebook-data-advertising-likes-download,technology
https://www.sciencealert.com/these-cryptic-artworks-hide-a-fortune-in-bitcoin-if-you-can-decode-them-andy-bauch,technology
https://www.sciencealert.com/facebook-data-breach-cambridge-analytica-privacy-fix,technology
https://www.sciencealert.com/the-us-military-is-developing-a-device-to-create-ghostly-screams-at-its-enemies,technology
https://www.sciencealert.com/bitcoin-illegal-almost-everywhere-after-shocking-blockchain-discovery-child-pornography,technology
https://www.sciencealert.com/how-to-see-block-facebook-app-tracking,technology
https://www.sciencealert.com/uber-s-self-driving-car-just-hit-and-killed-a-pedestrian,technology
https://www.sciencealert.com/is-quantum-theory-the-key-to-building-a-computer-with-free-will,technology
http://www.zdnet.com/article/can-we-teach-machine-learning-privacy/,technology
http://www.zdnet.com/article/hades-nuc-mini-pc-features-both-intel-amd-inside/,technology
http://www.zdnet.com/article/infor-innovation-analyst-summit-2018-i-totally-get-it-and-yet-i-dont-see-it/,technology
http://www.zdnet.com/article/this-small-robot-lures-hackers-away-from-other-robots/,technology
http://www.zdnet.com/article/can-we-teach-machine-learning-privacy/,technology
http://www.zdnet.com/article/dont-wait-years-for-5g-netmotion-mobility-delivers-resilient-secure-always-on-connectivity/,technology
http://www.zdnet.com/article/apple-slapped-with-12-million-lawsuit-for-battery-scandal-in-south-korea/,technology
http://www.zdnet.com/article/apples-new-329-ipad-and-ios-11-3-release-temper-my-wanderlust/,technology
http://www.zdnet.com/article/google-clouds-ai-will-try-to-predict-outcomes-of-ncaa-final-four-games/,technology
http://www.zdnet.com/article/iphone-ipad-privacy-icon-does-nothing-to-prevent-password-phishing/,technology
http://www.zdnet.com/article/under-armour-reports-150-million-myfitnesspal-accounts-hacked/,technology
http://www.zdnet.com/article/medical-imaging-at-the-speed-of-light-nvidias-clara-supercomputer/,technology
http://www.zdnet.com/article/heres-how-and-why-microsoft-is-splitting-up-windows-in-its-latest-reorg/,technology
http://www.zdnet.com/article/microsoft-to-add-new-geography-stocks-data-types-to-excel/,technology
http://www.zdnet.com/article/heres-outgoing-windows-chief-terry-myersons-email-to-the-troops/,technology
http://www.zdnet.com/article/three-out-of-four-believe-that-ai-applications-are-the-next-mega-trend/,technology
http://www.zdnet.com/article/chromebooks-still-beat-the-ipad-is-one-critical-way/,technology
http://www.zdnet.com/article/zepl-aims-to-put-your-zeppelin-notebook-on-steroids/,technology
http://www.zdnet.com/article/android-security-this-malware-will-mine-cryptocurrency-until-your-smartphone-fails/,technology
http://www.zdnet.com/article/your-money-and-data-is-not-enough-as-hackers-take-aim-at-bigger-targets/,technology
http://www.zdnet.com/article/south-korea-to-map-major-cities-for-safe-autonomous-driving/,technology
http://www.zdnet.com/article/raytheon-and-others-developing-networked-drone-swarms-for-combat/,technology
http://www.zdnet.com/article/boeing-confirms-malware-attack-downplays-production-impact/,technology
https://www.zdnet.com/video/kinema-pick-demos-deep-learning-3d-vision-system-for-industrial-robots/,technology
http://www.zdnet.com/article/docusign-files-for-ipo/,technology
http://www.zdnet.com/article/motorola-latam-head-becomes-global-president/,technology
http://www.zdnet.com/article/googles-hire-now-recommends-job-candidates-to-recruiters/,technology
http://www.zdnet.com/article/the-insurance-industry-is-a-prime-target-for-ai-technologies-and-solutions/,technology
http://www.zdnet.com/article/docker-founder-solomon-hykes-leaves-day-to-day-running-of-container-company/,technology
http://www.zdnet.com/article/nvidia-aims-to-extend-its-lead-in-ai/,technology
http://www.zdnet.com/article/google-launches-wear-os-developer-preview/,technology
http://www.zdnet.com/article/fauxpersky-malware-steals-sends-passwords-google-forms/,technology
http://www.zdnet.com/article/facebook-private-data-settings/,technology
http://www.zdnet.com/article/big-data-iot-blockchain-xamarin-all-on-the-microsoft-build-2018-agenda/,technology
http://www.zdnet.com/article/adobe-and-nvidia-expand-partnership-for-sensei-ai/,technology
http://www.zdnet.com/article/two-out-of-three-tech-workers-would-ignore-a-call-from-the-boss-outside-of-working-hours/,technology
http://www.zdnet.com/article/vmware-buys-e8-security-to-bolster-ai-assisted-security-tools/,technology
http://www.zdnet.com/article/facebooks-new-privacy-settings-look-out-for-these-shortcuts-data-delete-options/,technology
http://www.zdnet.com/article/why-it-as-you-know-it-is-dead/,technology
https://techcrunch.com/2018/04/02/walmart-brings-its-partnership-with-jd-com-into-the-food-business/,technology
https://techcrunch.com/2018/04/02/tesla-makes-autopilot-easier-to-use-in-the-model-3/,technology
https://techcrunch.com/2018/04/02/youtube-launches-a-shorter-skippable-ad-format/,technology
https://techcrunch.com/2018/04/02/alexa-users-can-now-donate-to-charity-with-their-voice/,technology
https://techcrunch.com/2018/04/02/zuck-fires-back-at-tim-cook-opens-up-about-fake-news/,technology
https://techcrunch.com/2018/04/02/publishing-blockchain-startup-po-et-hires-vp-of-engineering/,technology
https://techcrunch.com/2018/04/02/sifive-gets-50-6m-to-help-companies-get-their-custom-chip-designs-out-the-door/,technology
https://techcrunch.com/2018/04/02/atlassians-two-year-cloud-journey/,technology
https://techcrunch.com/2018/04/02/cosmiq-maker-deepblu-launches-a-booking-platform-it-calls-the-airbnb-of-diving/,technology
https://techcrunch.com/2018/04/01/cloudflares-new-privacy-focused-dns-service-speeds-up-your-web-browsing/,technology
https://techcrunch.com/2018/04/01/what-apples-education-announcements-mean-for-accessibility/,technology
https://techcrunch.com/2018/04/01/charting-the-adoption-of-direct-startup-investments-by-family-offices/,technology
https://techcrunch.com/2018/04/01/highly-critical-cms-bug-has-left-over-1-million-sites-open-to-attack/,technology
https://techcrunch.com/2018/03/31/custom-audiences-certification/,technology
https://techcrunch.com/2018/03/31/original-content-terrace-house/,technology
https://techcrunch.com/2018/03/31/arbtr-wants-to-create-an-anti-feed-where-users-can-only-share-one-thing-at-a-time/,technology
https://techcrunch.com/2018/03/31/knitting-machines-power-up-with-computer-generated-patterns-for-3d-shapes/,technology
https://techcrunch.com/2018/03/31/red-hat-looks-beyond-linux/,technology
https://techcrunch.com/2018/03/31/google-needs-your-help-finding-waldo/,technology
https://techcrunch.com/2018/03/31/tapsters-robots-are-built-to-poke-touchscreens/,technology
https://techcrunch.com/2018/03/30/tesla-says-fatal-crash-involved-autopilot/,technology
https://techcrunch.com/2018/03/30/uberrush-is-shutting-down/,technology
https://techcrunch.com/2018/03/30/niantic-to-settle-pokemon-go-fest-lawsuit-for-over-1-5m/,technology
https://techcrunch.com/2018/03/30/chinese-police-foil-drone-flying-phone-smugglers-at-hong-kong-border/,technology
https://techcrunch.com/2018/03/30/alexa-gets-a-dvr-recording-skill/,technology
https://techcrunch.com/2018/03/30/another-chapter-on-facebooks-privacy-woes-is-being-written-in-latin-america/,technology
https://techcrunch.com/2018/03/30/googles-on-by-default-articles-for-you-leverage-browser-dominance-for-2100-percent-growth/,technology
https://techcrunch.com/2018/03/30/cv-portfolios/,technology
https://techcrunch.com/2018/03/30/twitch-lays-off-some-employees-as-part-of-team-adjustments/,technology
https://techcrunch.com/2018/03/30/as-marketing-data-proliferates-consumers-should-have-more-control/,technology
https://www.nytimes.com/2018/03/31/opinion/god-jordan-peterson.html?rref=collection%2Ftimestopic%2FReligion%20and%20Belief&action=click&contentCollection=timestopics&region=stream&module=stream_unit&version=latest&contentPlacement=1&pgtype=collection,religion
https://www.nytimes.com/2018/03/30/opinion/gratitude-good-friday-easter-christianity.html?rref=collection%2Ftimestopic%2FReligion%20and%20Belief,religion
https://www.nytimes.com/2018/03/30/arts/music/bach-religion-music.html?rref=collection%2Ftimestopic%2FReligion%20and%20Belief,religion
https://www.nytimes.com/2018/03/28/books/easter-holy-week-religion-spirituality.html?rref=collection%2Ftimestopic%2FReligion%20and%20Belief,religion
https://www.nytimes.com/2018/03/28/world/australia/welcome-to-the-neighborhood.html?rref=collection%2Ftimestopic%2FReligion%20and%20Belief,religion
https://www.nytimes.com/2018/03/23/reader-center/austin-bombings-coverage.html?rref=collection%2Ftimestopic%2FReligion%20and%20Belief,religion
https://www.nytimes.com/2018/03/21/world/europe/doctored-photo-vatican-pope-francis.html?rref=collection%2Ftimestopic%2FReligion%20and%20Belief,religion
https://www.nytimes.com/2018/03/16/nyregion/hijab-police-lawsuit-new-york.html?rref=collection%2Ftimestopic%2FReligion%20and%20Belief,religion
https://www.nytimes.com/2018/03/01/us/iranian-christian-refugees.html?rref=collection%2Ftimestopic%2FReligion%20and%20Belief,religion
https://www.nytimes.com/2018/02/23/opinion/billy-graham-cold-war.html?rref=collection%2Ftimestopic%2FReligion%20and%20Belief,religion
https://www.nytimes.com/2018/02/21/opinion/billy-graham-death-missed-opportunties.html?rref=collection%2Ftimestopic%2FReligion%20and%20Belief,religion
https://www.nytimes.com/2018/02/21/opinion/billy-graham-nonpartisan-evangelical.html?rref=collection%2Ftimestopic%2FReligion%20and%20Belief,religion
https://www.nytimes.com/2018/02/14/world/asia/china-catholics-vatican.html?rref=collection%2Ftimestopic%2FReligion%20and%20Belief,religion
https://www.nytimes.com/2018/02/08/opinion/pope-china-deal-vatican.html?rref=collection%2Ftimestopic%2FReligion%20and%20Belief,religion
https://www.nytimes.com/2018/01/10/opinion/oprah-winfrey-religion-president.html?rref=collection%2Ftimestopic%2FReligion%20and%20Belief,religion
https://www.nytimes.com/2018/01/08/opinion/belief-aspirational-faith.html?rref=collection%2Ftimestopic%2FReligion%20and%20Belief,religion
https://www.nytimes.com/2017/12/29/dining/religious-symbolism-candy-culinary-historian.html?rref=collection%2Ftimestopic%2FReligion%20and%20Belief,religion
https://www.nytimes.com/2017/12/25/opinion/faith-christmas-religion.html?rref=collection%2Ftimestopic%2FReligion%20and%20Belief,religion
https://www.nytimes.com/2017/12/24/opinion/christians-christmas-faith-politics.html?rref=collection%2Ftimestopic%2FReligion%20and%20Belief,religion
https://www.nytimes.com/2017/12/24/world/asia/india-christmas.html?rref=collection%2Ftimestopic%2FReligion%20and%20Belief,religion
https://www.nytimes.com/2017/12/22/well/sundays-at-the-altar-of-science.html?rref=collection%2Ftimestopic%2FReligion%20and%20Belief,religion
https://www.nytimes.com/2017/12/22/opinion/sunday/cardinal-tobin-christian.html?rref=collection%2Ftimestopic%2FReligion%20and%20Belief,religion
https://www.nytimes.com/2017/12/22/books/review/james-kugel-great-shift-richard-elliott-friedman-exodus.html?rref=collection%2Ftimestopic%2FReligion%20and%20Belief,religion
https://www.nytimes.com/2017/12/21/opinion/manger-jesus-birthplace-islam.html?rref=collection%2Ftimestopic%2FReligion%20and%20Belief,religion
https://www.nytimes.com/2017/12/19/books/review/reza-aslans-god-a-human-history.html?rref=collection%2Ftimestopic%2FReligion%20and%20Belief,religion
https://www.nytimes.com/2017/12/18/books/review/eric-metaxas-martin-luther.html?rref=collection%2Ftimestopic%2FReligion%20and%20Belief,religion
https://www.nytimes.com/2017/12/15/opinion/rahul-gandhi.html?rref=collection%2Ftimestopic%2FReligion%20and%20Belief,religion
https://www.nytimes.com/2017/12/08/opinion/yoga-pakistan-india.html?rref=collection%2Ftimestopic%2FReligion%20and%20Belief,religion
https://www.nytimes.com/2017/12/06/world/europe/trump-jerusalem-pope.html?rref=collection%2Ftimestopic%2FReligion%20and%20Belief,religion
https://www.nytimes.com/2017/12/01/world/asia/pope-francis-rohingya.html?rref=collection%2Ftimestopic%2FReligion%20and%20Belief,religion
https://www.nytimes.com/2017/11/28/opinion/does-religion-make-people-moral.html?rref=collection%2Ftimestopic%2FReligion%20and%20Belief,religion
https://www.nytimes.com/2017/11/25/opinion/sunday/trump-evangelical-crisis.html?rref=collection%2Ftimestopic%2FReligion%20and%20Belief,religion
https://www.nytimes.com/2017/11/17/opinion/sunday/escape-roy-moores-evangelicalism.html?rref=collection%2Ftimestopic%2FReligion%20and%20Belief,religion
https://www.nytimes.com/2017/11/14/world/middleeast/saudi-arabia-lebanon-maronite-patriarch.html?rref=collection%2Ftimestopic%2FReligion%20and%20Belief,religion
https://www.nytimes.com/2017/11/08/style/met-museum-costume-institute-catholicism.html?rref=collection%2Ftimestopic%2FReligion%20and%20Belief,religion
https://www.nytimes.com/2017/10/20/books/review/the-meaning-of-belief-tim-crane-learning-religion.html?rref=collection%2Ftimestopic%2FReligion%20and%20Belief,religion
https://lens.blogs.nytimes.com/2017/10/12/prayers-of-the-persecuted-around-the-world/?rref=collection%2Ftimestopic%2FReligion%20and%20Belief,religion
http://time.com/5223669/mormon-church-leadership-apostles/,religion
http://time.com/5161349/president-trump-white-evangelical-support-slaveholders/,religion
https://www.usnews.com/news/best-countries/slideshows/5-unique-easter-traditions-around-the-world,religion
https://www.usnews.com/news/national-news/articles/2018-03-13/despite-conservative-opposition-pope-francis-maintains-his-popularity,religion
https://www.usnews.com/news/national-news/articles/2018-03-16/texas-newspaper-omits-same-sex-spouses-name-in-obituary,religion
https://www.usnews.com/news/national-news/articles/2018-02-21/evangelist-rev-billy-graham-americas-pastor-dies-at-99,religion
https://www.usnews.com/education/best-global-universities/articles/2018-01-30/global-universities-offer-religious-accommodations,religion
https://www.usnews.com/news/best-states/missouri/articles/2018-01-26/satanic-temple-sues-missouri-over-abortion-rights-and-could-win,religion
https://www.usnews.com/news/best-countries/articles/2018-01-23/tribal-divisions-created-by-religion-most-harmful-in-global-conflict-experts-say,religion
https://www.usnews.com/news/best-countries/articles/2018-01-18/popes-peru-visit-may-offer-clues-to-chances-for-church-reform,religion
https://www.usnews.com/news/best-countries/articles/2018-01-08/israels-first-female-sharia-judge-reflects-changes-for-israels-arab-community,religion
https://www.usnews.com/news/national-news/articles/2018-01-03/thomas-monson-mormon-church-president-dies-at-90,religion
https://www.nytimes.com/2017/10/06/books/review/rise-and-fall-of-adam-and-eve-stephen-greenblatt.html?rref=collection%2Ftimestopic%2FReligion%20and%20Belief,religion
https://www.nytimes.com/2017/10/04/world/asia/indonesia-muslims-christians.html?rref=collection%2Ftimestopic%2FReligion%20and%20Belief,religion
https://www.nytimes.com/2017/09/15/fashion/weddings/two-same-sex-pastors-in-love-and-only-god-knows.html?rref=collection%2Ftimestopic%2FReligion%20and%20Belief,religion
https://www.usnews.com/news/best-countries/articles/2017-12-06/orthodoxism-is-declining-in-the-overall-christian-population,religion
https://www.usnews.com/news/best-countries/articles/2017-11-02/religious-affiliation-at-the-end-of-life-is-changing-globally,religion
https://www.huffingtonpost.com/entry/john-bolton-anti-muslim-bigot-hate-groups_us_5ab52bf2e4b008c9e5f6f1f9,religion
https://www.huffingtonpost.com/entry/christian-devotees-around-the-world-re-enact-jesus-crucifixion_us_5abea0e5e4b0f112dc9c4725,religion
https://www.huffingtonpost.com/entry/kirbyjon-caldwell-accused-of-defrauding-people_us_5abe40fce4b0f112dc9bae2d,religion
https://www.huffingtonpost.com/entry/southern-baptist-frank-page-resigns_us_5abb9a0ae4b03e2a5c781085,religion
https://www.huffingtonpost.com/entry/vatican-media-chief-resigns-after-spreading-fake-news-about-former-pope_us_5ab25e1ae4b054d118deb927,religion
https://www.huffingtonpost.com/entry/inside-fathers-kingdom-a-new-documentary-discovers-the-details-of-a-forgotten-religion_us_5aafd3c9e4b0e8623839d2f2,religion
https://www.huffingtonpost.com/entry/pope-francis-palm-sunday-2018-message-for-youth_us_5ab7b18ae4b054d118e3f318,religion
https://www.huffingtonpost.com/entry/alabama-ten-commandments-ballot_us_5ab506bae4b054d118e22785,religion
https://www.huffingtonpost.com/entry/domestic-terrorism-kansas-militia-plot_us_5ab43c40e4b0decad04865e0,religion
https://www.theguardian.com/commentisfree/2018/apr/01/shame-of-anitsemitism-on-left-has-long-malign-history,religion
https://www.theguardian.com/lifeandstyle/2018/apr/01/child-burial-fees-waived-across-uk-after-campaign-by-mp,religion
https://www.worldreligionnews.com/religion-news/one-student-using-tactics-hate-groups-fight-islamophobia,religion
https://www.worldreligionnews.com/religion-news/praying-shinto-sports-gods-success,religion
https://www.worldreligionnews.com/religion-news/alice-cooper-starring-jesus-christ-superstar-says-religion-saved,religion
https://www.worldreligionnews.com/religion-news/interfaith-community-gathered-support-vandalized-mosque,religion
https://www.worldreligionnews.com/religion-news/republican-charlie-dent-attacks-evangelicals-for-supporting-trump,religion
https://www.worldreligionnews.com/religion-news/christianity/three-christian-groups-unite-to-restore-tomb-where-jesus-was-believed-to-be-buried,religion
https://www.worldreligionnews.com/religion-news/new-discovery-dated-jesus-tomb-345-c-e,religion
https://www.worldreligionnews.com/entertainment/art/crucified-stormtrooper-display-at-church-causes-controversy,religion
https://www.worldreligionnews.com/religion-news/justin-biebers-next-album-will-heavily-influenced-faith,religion
https://www.worldreligionnews.com/religion-news/bob-dylans-religious-period-explored-new-documentary-trouble-no,religion
https://www.worldreligionnews.com/religion-news/stop-saying-no-atheists-foxholes,religion
https://www.worldreligionnews.com/religion-news/priests-paid-bonuses,religion
https://www.worldreligionnews.com/religion-news/hey-ruhle-dont-need-apologize-mocking-christians,religion
https://www.worldreligionnews.com/opinion/christians-support-elimination-guns,religion
https://www.worldreligionnews.com/opinion/stop-making-fun-wiccans,religion
https://www.worldreligionnews.com/religion-news/catholics-in-scotland-are-the-biggest-targets-of-hate-crimes,religion
https://www.worldreligionnews.com/religion-news/supreme-court-case-change-abortion-religion-america,religion
https://www.worldreligionnews.com/religion-news/westboro-baptist-church-battles-lgbt-streets-gay-student,religion
https://www.worldreligionnews.com/religion-news/london-mayor-addresses-hate-speech-sxsw-talk,religion
https://www.worldreligionnews.com/religion-news/dont-take-ten-commandments-seriously,religion
https://www.worldreligionnews.com/religion-news/care-johnson-amendment-religious-funding,religion
https://www.worldreligionnews.com/religion-news/strange-tragic-story-wrongly-imprisoned-pastor-andrew-brunson,religion
https://www.worldreligionnews.com/religion-news/scientology-budapest-headquarters-raid-ruled-illegal-church-claims-victory,religion
https://www.worldreligionnews.com/religion-news/christian-schools-australia-demanding-religious-freedom-laws-protect-right-hire-fire-based-beliefs,religion
https://www.worldreligionnews.com/religion-news/kentucky-governor-supports-t-shirt-companys-religious-freedom-deny-printing-gay-pride,religion
https://www.worldreligionnews.com/religion-news/catholic-church-needs-metoo-moment,religion
https://www.worldreligionnews.com/religion-news/breasts-god-college-intersection-contradictions,religion
https://www.worldreligionnews.com/religion-news/exclusive-interview-with-peter-scott-ai-faith-and-the-future,religion
https://www.worldreligionnews.com/opinion/yes-can-gay-christian,religion
https://www.worldreligionnews.com/religion-news/karen-armstrong-ted-talk-reviving-golden-rule-everyone,religion
https://www.worldreligionnews.com/religion-news/karen-armstrong-dont-blame-religion-terrorism,religion
https://www.worldreligionnews.com/religion-news/listen-jehovahs-witnesses-response-ban-russia-audio,religion
https://www.worldreligionnews.com/religion-news/people-actually-crucify-easter,religion
https://www.worldreligionnews.com/religion-news/catholic-nuns-in-pa-set-up-chapel-at-proposed-pipeline-site,religion
https://www.worldreligionnews.com/religion-news/two-black-pastors-suing-coca-cola-misleading-public-health-risks-soda,religion
https://www.worldreligionnews.com/religion-news/snoop-doggs-bible-of-love-hits-1-on-itunes-gospel-chart,religion
https://www.worldreligionnews.com/entertainment/celebrity/jewish-musician-paul-simon-is-retiring,religion
https://www.worldreligionnews.com/religion-news/michael-w-smith-announces-new-christian-music-album-tour,religion
https://www.worldreligionnews.com/religion-news/grammys-kendrick-lamar-reba-mcentire-attribute-success-relationship-god,religion
https://www.worldreligionnews.com/religion-news/ed-sheerans-shape-of-you-rewritten-as-christian-song,religion
https://www.worldreligionnews.com/religion-news/elton-johns-battle-christianity,religion
https://www.worldreligionnews.com/entertainment/hip-hop-christmas-tv-special-will-blow-mind,religion
https://www.worldreligionnews.com/entertainment/books/infamous-kim-davis-releases-memoir,religion
https://www.worldreligionnews.com/religion-news/hillsong-pastor-carl-lentz-abortion-god-judge,religion
https://www.worldreligionnews.com/entertainment/books/new-childrens-book-chrismukkah-hanukkah-harvie-vs-santa-claus,religion
https://www.worldreligionnews.com/religion-news/new-book-sheds-light-conspiracy-theories-surrounding-pope-john-paul-death,religion
https://www.worldreligionnews.com/religion-news/dan-browns-new-book-origin-discusses-religion,religion
https://www.worldreligionnews.com/religion-news/hijab-identity-choice,religion
https://www.worldreligionnews.com/featured-contributors/re-jew-venating-civilization-rabbi-michael-shevack,religion
https://www.worldreligionnews.com/religion-news/war-or-warned,religion
https://www.worldreligionnews.com/featured-contributors/family-trip-flag-scientology-services,religion
https://www.worldreligionnews.com/religion-news/gods-design-sex,religion
https://www.worldreligionnews.com/featured-contributors/islamic-news-featured-contributors/genevas-burkini-ban-human-rights-violation,religion
https://www.worldreligionnews.com/featured-contributors/ecumenical-patriarch-ignore-problem-jerusalem,religion
https://www.worldreligionnews.com/featured-contributors/scientology-religion-holiday-season,religion
https://www.worldreligionnews.com/religion-news/how-do-i-become-a-bahai,religion
https://www.worldreligionnews.com/religion-news/surprise-2nd-popular-religion-south-carolina-bahai-faith,religion
https://www.worldreligionnews.com/religion-news/examining-spiritual-not-religious-america,religion
https://www.worldreligionnews.com/religion-news/banana-prove-gods-existence,religion
https://www.worldreligionnews.com/religion-news/north-carolina-prisons-must-recognize-humanism-faith-group,religion
https://www.worldreligionnews.com/religion-news/bushs-former-pastor-charged-fraud,religion
https://www.worldreligionnews.com/entertainment/films/gods-not-dead-3-brings-lousy-2-6mil-opening-weekend,religion
https://www.worldreligionnews.com/religion-news/crazy-say-religion-solve-gun-violence,religion
https://www.worldreligionnews.com/religion-news/rabbi-shocks-unparalleled-approval-cloned-pigs-kosher,religion
https://www.worldreligionnews.com/religion-news/europe-moving-away-organized-religion,religion
https://www.worldreligionnews.com/religion-news/house-left-desolate-understanding-deception-faith,religion
https://www.worldreligionnews.com/religion-news/religious-groups-call-out-health-care-bill,religion
https://www.worldreligionnews.com/religion-news/j-k-rowling-condemns-islamophobic-attack-london-mosque,religion
https://www.worldreligionnews.com/issues/uk-becomes-first-country-institute-holocaust-orgs-definition-anti-semitism,religion
https://www.worldreligionnews.com/religion-news/pope-compares-spreading-of-fake-news-to-feces-obsession,religion
https://www.worldreligionnews.com/religion-news/no-gay-catholic-priests-vatican-reaffirms,religion
https://www.worldreligionnews.com/issues/300-churches-us-offering-sanctuary-immigration-authorities,religion
https://www.worldreligionnews.com/issues/california-mosques-get-letters-threatening-genocide,religion
https://www.worldreligionnews.com/religion-news/over-4000-faith-leaders-want-trump-to-keep-johnson-amendment,religion
https://www.worldreligionnews.com/religion-news/report-says-atheists-morally-depraved-religious,religion
https://www.worldreligionnews.com/religion-news/faith-recovery-pt-2-surprising-truth-religion-drug-use,religion
https://www.worldreligionnews.com/religion-news/christian-easter-really-wiccan-fertility-holiday-ostara,religion
https://www.worldreligionnews.com/opinion/stop-making-fun-wiccans,religion
https://www.worldreligionnews.com/religion-news/witch-hunts-china-used-attack-women,religion
https://www.worldreligionnews.com/religion-news/jainist-monk-gives-support-indias-landmark-euthanasia-legalization,religion
https://www.worldreligionnews.com/religion-news/millennials-give-possessions-become-jain-monks,religion
https://www.worldreligionnews.com/religion-news/jains-around-world-celebrate-paryushan,religion
https://www.worldreligionnews.com/religion-news/mormon-church-issues-new-guidelines-deal-abuse-women-children,religion
https://www.worldreligionnews.com/religion-news/bible-domain-not-controlled-american-bible-society,religion
https://www.worldreligionnews.com/religion-news/bizarre-murder-suicide-shinto-priestess,religion
https://www.worldreligionnews.com/religion-news/male-maiden-shinto-temple,religion
https://www.worldreligionnews.com/religion-news/guccis-turban-milan-fashion-week-angers-sikhs-cultural-appropriation,religion
https://www.worldreligionnews.com/religion-news/new-jerseys-first-sikh-mayor-target-discrimination,religion
https://www.worldreligionnews.com/religion-news/sikhs-targets-religious-hatred-mistaken-identity,religion
https://www.worldreligionnews.com/religion-news/sikh-activists-make-love-force-social-justice,religion
https://www.worldreligionnews.com/religion-news/yuba-citys-first-sikh-female-mayor-preet-didbal,religion
https://www.worldreligionnews.com/religion-news/buddhists-scared-dalai-lamas-health-problems,religion
https://www.worldreligionnews.com/religion-news/buddhist-scholar-steven-collins-dies-66,religion
https://www.worldreligionnews.com/religion-news/fire-rips-jokhang-monastery-tibet,religion
https://www.worldreligionnews.com/issues/mercedes-benz-apologizes-promotional-post-quoting-dalai-lama,religion
https://www.worldreligionnews.com/entertainment/films/groundhog-day-ultimate-buddhism-movie,religion
https://www.worldreligionnews.com/religion-news/holocaust-survivor-murdered-paris-sparks-outrage,religion
https://www.worldreligionnews.com/religion-news/corbyn-apologizes-anti-semitism-within-labour-party,religion
https://www.worldreligionnews.com/religion-news/russian-ice-cream-company-launches-poor-jews-product,religion
https://www.worldreligionnews.com/religion-news/meghan-markle-officially-joins-church-england,religion
https://www.worldreligionnews.com/religion-news/can-churches-improve-communication-interview-churchmarketingsucks,religion
https://www.worldreligionnews.com/religion-news/religious-controversy-in-marriage-of-prince-harry,religion
https://www.si.com/nba/2018/03/19/nba-draft-2018-stock-watch-march-madness-shai-gilgeous-alexander-trae-young-michael-porter-jr,sports
http://collegebasketball.nbcsports.com/2018/03/19/ncaa-tournament-2018-eight-viral-heroes-from-first-weekend-of-march-madness/?cid=eref:nbcnews:text,sports
http://sports.nbcsports.com/2018/03/19/jordan-peele-isnt-jordan-poole-but-hell-take-the-compliments-anyway/?cid=eref:nbcnews:text,sports
http://mlb.nbcsports.com/2018/03/19/report-yankees-red-sox-near-agreement-to-play-two-game-series-in-london-in-2019/?cid=eref:nbcnews:text,sports
http://nba.nbcsports.com/2018/03/19/report-tyronn-lue-plans-to-return-to-cavaliers-next-week/?cid=eref:nbcnews:text,sports
https://www.si.com/nfl/2018/03/19/kirk-cousins-minnesota-vikings-free-agency-guaranteed-contract-mmqb-peter-king,sports
https://www.si.com/college-basketball/2018/03/19/sagaba-konate-west-virginia-shot-blocker-march-madness,sports
https://www.si.com/nba/2018/03/19/tyronn-lue-illness-stepping-away-coaching-cleveland-cavaliers-larry-drew,sports
https://www.si.com/college-basketball/2018/03/19/memphis-penny-hardaway-coach,sports
https://www.si.com/nba/2018/03/19/warriors-draymond-green-injury-update-midsection,sports
https://www.si.com/college-basketball/2018/03/19/umbc-ryan-odom-heac-coach-new-contract-offer,sports
https://www.si.com/tennis/2018/03/19/martina-navratilova-john-mcenroe-salary-bbc-tennis-wage-gap,sports
https://www.usatoday.com/story/sports/ncaaw/2018/03/19/uconn-beats-quinnipiac-reaches-25th-straight-sweet-16/33100357/,sports
https://www.usatoday.com/story/sports/college/purdue/basketball/2018/03/19/isaac-haas-brace-project-purdue-coach-matt-painter-mentioned-monday/439526002/,sports
https://www.usatoday.com/story/sports/ncaab/2018/03/19/ncaa-tournament-ranking-sweet-16-teams-based-national-title-potential/435536002/,sports
https://www.usatoday.com/story/sports/nfl/colts/2018/03/19/colts-add-tight-end-eric-ebron-free-agency/440441002/,sports
https://www.usatoday.com/story/sports/ncaab/2018/03/19/spencer-haywood-tinge-slavery-treatment-college-basketball-players/438583002/,sports
https://www.usatoday.com/story/sports/nfl/2018/03/19/nfl-proposal-allow-league-office-new-york-eject-players-instant-replay/439964002/,sports
https://www.usatoday.com/story/sports/columnist/martin-rogers/2018/03/19/united-states-danger-losing-world-cup-bid-morocco/439557002/,sports
http://www.espn.com/nfl/story/_/id/22826179/oakland-raiders-trading-wr-cordarrelle-patterson-new-england-patriots,sports
http://www.espn.com/nfl/story/_/id/22807898/tennessee-titans-release-nose-tackle-sylvester-williams,sports
http://www.espn.com/mlb/story/_/id/22838898/yankees-breathtaking-offense-break-records,sports
http://www.espn.com/mlb/story/_/id/22839153/trevor-cahill-oakland-athletics-finalize-125-million-1-year-contract,sports
http://www.espn.com/nba/recap?gameId=400975798,sports
http://www.espn.com/nba/recap?gameId=400975800,sports
http://www.espn.com/nba/story/_/id/22837389/kevin-love-cleveland-cavaliers-returning-lineup-missing-21-games,sports
http://www.espn.com/nhl/story/_/id/22838207/ryan-donato-scores-debut-boston-bruins-one-day-signing-team,sports
http://www.espn.com/nhl/recap?gameId=400962720,sports
http://www.espn.com/nhl/recap?gameId=400962719,sports
http://www.espn.com/nhl/recap?gameId=400962722,sports
http://www.espn.com/college-football/story/_/id/22776612/spring-football-conference-breakdown-players-coaches-storylines,sports
http://www.espn.com/jayski/teams/story/_/id/18641824/55-premium-motorsports-nascar-team-news,sports
http://www.espn.com/racing/nascar/story/_/id/22828840/jeffrey-earnhardt-starcom-racing-part-ways-slow-start-season,sports
http://www.espn.com/racing/nascar/story/_/id/22826471/nascar-rock-solid-martin-truex-jr-halts-kevin-harvick-dominance,sports
https://www.cbssports.com/soccer/news/neymar-reportedly-wants-over-1m-a-week-from-psg-was-barcelona-move-worth-it/,sports
https://www.cbssports.com/soccer/news/look-liga-mx-coaches-get-into-heated-exchange-one-grabs-the-other-by-the-throat/,sports
https://www.cbssports.com/soccer/news/watch-shocking-video-shows-teammates-in-france-fight-each-other-and-get-ejected/,sports
https://www.cbssports.com/mma/news/ufc-news-mayweather-vs-mcgregor-mma-odds-francis-ngannou-wants-brock-lesnar/,sports
https://www.cbssports.com/mma/news/ufc-london-results-alexander-volkov-kos-fabricio-werdum-earns-biggest-career-win/,sports
https://www.cbssports.com/mma/news/ufc-news-cris-cyborg-sets-a-deadline-for-amanda-nunes-ufc-debuts-in-liverpool/,sports
https://www.cbssports.com/golf/news/golf-format-qualifying-process-for-2020-olympics-in-tokyo-will-remain-the-same/,sports
https://www.cbssports.com/golf/news/wgc-dell-technologies-match-play-odds-2018-picks-from-same-model-that-predicted-tiger-woods-run/,sports
https://www.cbssports.com/golf/news/three-numbers-that-show-how-rory-mcilroy-won-the-2018-arnold-palmer-invitational/,sports
http://bleacherreport.com/articles/2768086-donte-divincenzos-moxie-goes-down-in-villanova-ncaa-history-hes-a-killer,sports
http://bleacherreport.com/articles/2767045-biggest-winners-and-losers-of-the-2018-ncaa-basketball-tournament,sports
http://bleacherreport.com/articles/2767601-preseason-ncaa-basketball-rankings-2018-19-super-early-top-25,sports
http://bleacherreport.com/articles/2767775-metrics-101-whos-really-the-nbas-most-improved-player,sports
http://bleacherreport.com/articles/2767935-i-cant-be-stopped-stedman-bailey-opens-up-on-shooting-nfl-comeback-attempt,sports
https://www.nhl.com/news/san-jose-sharks-minnesota-wild-each-clinch-playoff-berth/c-297600386,sports
http://bleacherreport.com/articles/2767956-daniel-henrik-sedin-to-retire-from-nhl-after-18-seasons-with-canucks,sports
https://www.nhl.com/news/steven-stamkos-day-to-day-for-tampa-bay-lightning-with-lower-body-injury/c-297573434,sports
http://www.latimes.com/sports/dodgers/la-sp-dodgers-diamondbacks-20180402-story.html,sports
http://bleacherreport.com/articles/2767352-mlb-players-ready-for-fight-to-stop-half-the-league-from-not-trying-to-win,sports
http://bleacherreport.com/articles/2767838-shohei-ohtani-allows-3-runs-and-3-hits-in-6-innings-in-angels-pitching-debut,sports
http://bleacherreport.com/articles/2767346-college-football-rivalry-games-that-wont-even-be-close-in-2018,sports
http://bleacherreport.com/articles/2768005-jim-mora-on-josh-rosen-ahead-of-nfl-draft-hes-the-best-player-in-the-draft,sports
http://bleacherreport.com/articles/2766889-college-footballs-2018-final-four-dark-horses,sports
http://bleacherreport.com/articles/2767955-khabib-nurmagomedov-wants-georges-st-pierre-predicts-bout-with-conor-mcgregor,sports
http://bleacherreport.com/articles/2767844-max-holloway-to-fight-khabib-nurmagomedov-at-ufc-223-after-tony-ferguson-injury,sports
http://bleacherreport.com/articles/2766277-the-6-biggest-busts-in-ufc-history,sports
http://bleacherreport.com/articles/2767665-mma-fighter-completely-gasses-gives-up-on-fighting-gets-taken-down-finished,sports
http://www.espn.com/mma/story/_/id/23003462/how-max-holloway-makes-weight-friday-ufc-223,sports
http://nascar.nbcsports.com/2018/04/03/optimism-abounds-that-monster-energy-will-sign-extension-with-nascar/,sports
https://www.autosport.com/nascar/news/135141/shr-explains-dominant-2018-cup-form,sports
http://nascar.nbcsports.com/2018/04/02/tony-stewart-family-of-kevin-ward-jr-reach-settlement-pending-judges-approval/,sports
http://nascar.nbcsports.com/2018/04/02/nascar-america-next-seven-races-are-most-important-before-playoffs/,sports
http://nascar.nbcsports.com/2018/04/02/nascar-america-at-5-p-m-et-fantasy-league-remembering-dale-jrs-first-cup-win/,sports
http://nascar.nbcsports.com/2018/04/02/nbc-sports-nascar-america-fantasy-league-kicks-off-today/,sports
http://nascar.nbcsports.com/2018/04/02/nbc-sports-nascar-america-fantasy-league-kicks-off-today/,sports
http://www.espn.com/mens-college-basketball/story/_/id/23006199/villanova-title-proves-best-program-all-college-basketball,sports
http://www.espn.com/golf/story/_/id/23013437/tiger-woods-phil-mickelson-zach-johnson-40-somethings-contending-augusta,sports
http://www.espn.com/espn/feature/story/_/id/22969155/tiger-set-return-masters-new-generation-fans-watching,sports
http://www.espn.com/mens-college-basketball/story/_/id/23007943/ncaa-tournament-final-four-jay-wright-joins-elite-company-another-villanova-wildcats-national-championship,sports
http://www.espn.com/mlb/story/_/id/23003934/what-learned-shohei-ohtani-far,sports
http://www.espn.com/nfl/insider/story/_/id/23003327/nfl-2018-free-agency-execs-unfiltered-every-team-free-agent-signings-trades,sports
http://www.espn.com/nba/story/_/id/22993440/nba-power-rankings-our-expert-panel-unveils-rankings-week-25,sports
http://www.espn.com/nba/story/_/id/22554035/2018-nba-draft-tank-race-win-best-lottery-odds,sports
http://www.espn.com/nba/story/_/id/23004619/the-great-carmelo-anthony-debate-only-beginning-oklahoma-city-thunder-nba,sports
http://www.espn.com/blog/sweetspot/post/_/id/85619/real-or-not-bryce-harper-is-off-to-a-400-million-start,sports
http://www.espn.com/nfl/story/_/id/23004340/why-nfl-coaches-fought-table-access-video-sidelines-games,sports
http://www.espn.com/blog/dallas-cowboys/post/_/id/4765894/jerry-jones-doesnt-see-a-huge-gap-between-cowboys-eagles,sports
http://www.espn.com/blog/tennessee-titans/post/_/id/26023/kevin-byard-predicts-titans-new-uniforms-will-be-the-talk-of-the-league,sports
http://www.espn.com/blog/nflnation/post/_/id/272534/answering-each-divisions-biggest-free-agency-question,sports
http://www.espn.com/soccer/club/real-madrid/86/blog/post/3440349/juventus-v-real-madrid-in-champions-league-quarterfinals-will-be-old-school-tactical-showdown,sports
http://www.espn.com/wwe/story/_/id/23001367/wrestlemania-34-lapsed-fans-guide-need-know,sports
http://www.espn.com/nhl/story/_/id/23002023/nhl-tampa-bay-lightning-traded-signed-many-new-york-rangers-quest-stanley-cup,sports
http://www.espn.com/nhl/story/_/id/23004184/nhl-why-brad-marchand-was-fined-not-suspended-cross-check-philadelphia-flyers,sports
http://www.espn.com/nhl/story/_/id/22944665/egyptians-warm-ice-hockey,sports
http://www.espn.com/soccer/major-league-soccer/19/blog/post/3439807/ibrahimovics-epic-debut-bodes-well-for-long-challenging-journey-in-mls,sports
http://www.espn.com/soccer/major-league-soccer/19/blog/post/3439481/mls-power-rankings-new-york-city-fc-back-on-top-atlanta-united-no-2,sports
http://www.espn.com/soccer/club/real-madrid/86/blog/post/3439961/madrids-ucl-dominance-deserves-more-respectdespite-superpower-status,sports
http://www.espn.com/soccer/fifa-world-cup/story/3441032/us-fans-second-only-to-russia-as-fifa-closes-world-cup-ticket-sales,sports
http://www.espn.com/soccer/manchester-united/story/3440950/manchester-united-targeting-younger-fans-to-improve-old-trafford-atmosphere,sports
http://www.espn.com/soccer/manchester-city/story/3440746/manchester-citys-kevin-de-bruyne-i-deserve-to-win-premier-league-player-of-the-year-and-mohamed-salah-too,sports
http://www.espn.com/soccer/arsenal/story/3440848/emmanuel-frimpong-labels-former-arsenal-teammate-samir-nasri-an-idiot,sports
http://www.espn.com/soccer/tottenham-hotspur/story/3440898/paul-pogba-dele-alli-need-to-be-given-time-to-mature-tottenhams-hugo-lloris,sports
http://www.espn.com/soccer/juventus/story/3440799/giorgio-chiellini-ready-to-swap-shirts-with-luis-suarez-after-bite,sports
http://www.espn.com/soccer/everton/story/3441088/new-everton-stadium-to-boast-stand-based-on-borussia-dortmunds-yellow-wall,sports
http://www.espn.com/soccer/liverpool/story/3441063/liverpools-jurgen-klopp-we-have-to-write-our-own-history-vs-man-city,sports
http://www.espn.com/soccer/olympiakos/story/3440797/olympiakos-players-fined-sent-on-holiday-following-poor-results,sports
http://www.espn.com/mlb/recap?gameId=380402129,sports
http://www.espn.com/mlb/story/_/id/23007074/rich-dauer-former-houston-astros-coach-almost-died-throws-1st-pitch-minute-maid-park,sports
http://www.espn.com/mlb/story/_/id/23005352/dexter-fowler-st-louis-cardinals-ends-0-13-slump-hit-tweet,sports
http://www.espn.com/mlb/story/_/id/23006581/carlos-correa-houston-astros-leaves-game-toe-discomfort,sports
http://www.espn.com/mlb/story/_/id/23006550/chicago-cubs-set-dubious-nl-record-58-strikeouts-first-five-games,sports
http://www.espn.com/mlb/story/_/id/23002881/ron-gardenhire-detroit-tigers-mlb-says-mistakes-made-replay-call,sports
http://www.espn.com/mlb/story/_/id/23005962/brian-dozier-take-baseball-unwritten-rules-silly-brilliant-same,sports
http://www.espn.com/mlb/story/_/id/22982464/why-dodgers-good-enough-justify-their-boring-offseason,sports
http://www.espn.com/blog/buster-olney/insider/post/_/id/18372/olney-what-can-union-chief-tony-clark-do-to-help-players-get-bigger-paydays,sports
http://www.espn.com/blog/chicago/cubs/post/_/id/46553/cubs-keep-faith-in-yu-darvish-after-a-disappointing-debut,sports
http://www.espn.com/mlb/story/_/id/22955279/how-baseball-reached-tipping-point-fan-protection,sports
http://www.espn.com/blog/sweetspot/post/_/id/85568/justin-verlander-keeps-dealing-as-top-dog-in-astros-rotation-full-of-aces,sports
http://www.espn.com/mlb/story/_/id/22923778/espn-expert-predictions-mlb-most-valuable-superstars,sports
http://www.espn.com/mlb/story/_/id/22919123/2018-espn-expert-predictions-which-superteam-rule-baseball,sports
http://www.espn.com/fantasy/baseball/story/_/id/22843749/fantasy-baseball-tristan-bold-predictions,sports
http://www.espn.com/mlb/story/_/id/23014122/new-york-mets-reliever-anthony-swarzak-disabled-list-strained-side,sports
http://www.espn.com/mlb/story/_/id/23005649/baltimore-orioles-los-angeles-dodgers-swap-minor-league-pitchers,sports
http://www.espn.com/fantasy/baseball/story/_/id/23005486/fantasy-baseball-daily-notes-pitcher-rankings-hitter-ratings-plus-players-add-tuesday,sports
http://www.espn.com/nfl/story/_/id/23013935/dallas-cowboys-dump-ticketmaster-favor-seatgeek,sports
http://www.espn.com/nfl/draft2018/story/_/id/23002211/former-ucla-coach-jim-mora-says-quarterback-josh-rosen-needs-challenged-reach-potential,sports
http://www.espn.com/nfl/story/_/id/23007226/oakland-raiders-sign-former-giants-receiver-special-teamer-dwayne-harris,sports
http://www.espn.com/nfl/story/_/id/23004645/new-york-jets-claim-te-clive-walford-waivers,sports
http://www.espn.com/nfl/story/_/id/23013860/philadelphia-eagles-sign-ex-lions-lb-paul-worrilow,sports
http://www.espn.com/nfl/story/_/id/23006955/arizona-cardinals-sign-wide-receiver-brice-butler-2-year-deal,sports
http://www.espn.com/blog/minnesota-vikings/post/_/id/26141/what-will-the-vikings-offense-look-like-with-kirk-cousins-at-qb,sports
http://www.espn.com/chalk/story/_/id/23003330/nfl-how-two-las-vegas-dads-helped-raiders-get-comfortable-sports-betting,sports
http://www.espn.com/nfl/story/_/id/22980398/10-nfl-rookies-ready-break-year-2-2018-candidates,sports
http://www.espn.com/blog/baltimore-ravens/post/_/id/44408/would-ravens-revisit-colin-kapernick-as-backup-qb-option,sports
http://www.espn.com/blog/new-york/jets/post/_/id/75491/after-two-qb-mistakes-jets-general-manager-still-can-right-his-legacy,sports
http://www.espn.com/blog/los-angeles-chargers/post/_/id/23873/chargers-challenge-cardale-jones-add-competition-to-qb-room-with-geno-smith-signing,sports
http://www.espn.com/nfl/story/_/id/22917381/johnny-manziel-last-nfl-snap-was-821-days-ago-line-two-years-why-return-unprecedented,sports
http://www.espn.com/blog/new-england-patriots/post/_/id/4812596/in-need-of-a-third-qb-is-there-a-better-option-for-pats-than-johnny-manziel,sports
http://www.espn.com/blog/pittsburgh-steelers/post/_/id/27579/how-steelers-do-free-agency-find-two-starters-for-less-than-4-million,sports
http://www.espn.com/nfl/story/_/page/NFLpowerrankingsx180327/2018-nfl-power-rankings-risers-fallers-free-agency,sports
http://www.espn.com/nba/story/_/id/23012005/golden-state-warriors-guard-klay-thompson-slept-practice-day-scoring-career-high-60-points-2016-according-teammate-kevin-durant,sports
http://www.espn.com/nba/story/_/id/22999408/lebron-james-muldia-platform-uninterrupted-issues-letter-alabama-addressing-concerns-copyright-infringement,sports
http://www.espn.com/nba/story/_/id/23004015/erik-spoelstra-miami-heat-coach-says-team-moving-hassan-whiteside-rant-playing,sports
http://www.espn.com/nba/story/_/id/23001769/boston-celtics-gordon-hayward-starts-jogging-rehab,sports
http://www.espn.com/nba/story/_/id/23012070/philadelphia-76ers-unveil-sculpture-dr-j-julius-erving,sports
http://www.espn.com/nba/story/_/id/23006427/what-ncaa-nba-usa-basketball-partnership-means-future-draft-prospects,sports
http://www.espn.com/nba/story/_/id/22669853/kelly-oubre-shares-game-day-outfits-shows-style-fashion,sports
http://www.espn.com/nba/story/_/id/22336791/going-shopping-bucks-guard-shabazz-muhammad,sports
http://www.espn.com/nba/story/_/id/22975771/what-stephen-curry-warriors-get-comes-back-nba-playoffs,sports
http://www.espn.com/nba/story/_/id/22974837/tracking-key-injuries-nba-postseason-race,sports
https://theundefeated.com/features/victor-oladipo-return-indiana-pacers-black-panther-mask-and-how-he-passes-the-time-on-the-team-plane/,sports
http://www.espn.com/nba/story/_/id/22959414/2018-nba-playoff-race-answering-four-biggest-questions,sports
http://www.espn.com/nba/story/_/id/22984630/which-nba-player-had-best-sneakers-week-24,sports
http://www.espn.com/nba/story/_/id/22967762/nba-schedule-alert-20-games-tired-teams-lose-april,sports
https://theundefeated.com/features/without-allen-iverson-there-would-be-no-lebron-james/,sports
http://www.espn.com/nba/story/_/id/22959445/zach-lowe-10-things-like-including-celtics-kyrie-irving-nba,sports
http://www.espn.com/nba/story/_/id/22941283/what-makes-anthony-davis-next-mvp-front-runner-nba,sports
http://www.espn.com/nba/story/_/id/22947984/joel-embiid-ben-simmons-trae-young-11-future-nba-game-changers,sports
http://www.espn.com/nba/story/_/page/nbarank22932314/nbarank-game-changers-25-most-influential-basketball-players-ever,sports
http://www.espn.com/nba/story/_/id/22924664/lebron-james-changed-game-basketball-prodigy-nba,sports
https://www.si.com/nba/2018/04/03/nba-mock-draft-2018-ncaa-tournament-prospects-60-picks,sports
https://www.si.com/nfl/2018/04/03/odell-beckham-ndamukong-suh-nfl-owners-meeting,sports
https://www.si.com/2018/04/02/jaren-jackson-nba-draft-michigan-state,sports
https://www.si.com/college-basketball/2018/04/03/notre-dame-arike-ogunbowale-si-cover,sports
https://www.si.com/college-basketball/2018/04/02/one-shining-moment-ncaa-tournament-video-michigan-villanova,sports
https://www.si.com/college-basketball/2018/04/03/duke-2019-ncaa-championship-favorites,sports
https://www.si.com/mlb/2018/04/02/tommy-pham-st-louis-cardinals,sports
https://www.si.com/extra-mustard/2018/04/03/villanova-michigan-ncaa-tournament-national-championship-hot-clicks,sports
https://www.si.com/nfl/2018/04/03/lamar-jackson-mother-felicia-jones-draft-agent-manager-louisville,sports
https://www.si.com/college-basketball/2018/04/03/michigan-loses-national-championship-future-moritz-wagner-charles-matthews,sports
https://www.si.com/soccer/2018/03/30/zlatan-ibrahimovic-la-galaxy-lafc-knee-injury-mls,sports
https://www.si.com/nfl/2018/04/01/josh-rosen-jim-mora-odell-beckham-trade-draft-mmqb-peter-king,sports
https://www.si.com/nba/2018/04/02/nba-power-rankings-joel-embiid-injury-ben-simmons-76ers-rockets-celtics-warriors,sports
https://www.si.com/nfl/2018/04/02/nfl-draft-2018-quarterback-wonderlic-scores-themmqb-newsletter,sports
https://www.si.com/nfl/2018/03/28/new-york-giants-draft-no-2-pick-quarterbacks-qbs-eli-manning,sports
https://www.si.com/nfl/2018/03/30/odell-beckham-trade-rumors-new-targeting-rule-eliminate-kickoffs-manziel-comeback,sports
https://www.si.com/nfl/2018/03/30/2018-draft-josh-allen-sam-darnold-tyrod-taylor-browns-bills,sports
https://www.si.com/nfl/2018/03/28/odell-beckham-trade-rumors-giants-rams-mmqb-peter-king,sports
https://www.si.com/extra-mustard/2018/04/02/jeff-van-gundy-awkward-second-cousins-question,sports
https://www.si.com/extra-mustard/2018/04/02/arike-ogunbowale-notre-dame-hot-clicks,sports
https://www.msn.com/en-us/sports/mlb/mlb-season-opens-with-some-disappointing-attendance-numbers/ar-AAvpHZf,sports
https://www.msn.com/en-us/sports/nba/an-assist-to-winning-the-lebron-goat-debate/ar-AAvofx2,sports
https://www.msn.com/en-us/sports/nba/76ers-staying-hot-without-embiid/ar-AAvpP9Y,sports
https://www.msn.com/en-us/sports/nba/patrick-mccaws-injury-a-reminder-nba-players-getting-hurt-at-highest-rate-in-a-decade/ar-AAvomth,sports
https://www.msn.com/en-us/sports/ncaafb/jim-harbaugh-couldnt-make-it-to-michigans-national-championship-game/ar-AAvoX80,sports
https://www.msn.com/en-us/sports/ncaafb/why-purdues-special-teams-coordinator-left-football-to-open-a-chick-fil-a/ar-AAvniw2,sports
https://www.msn.com/en-us/sports/mlb/ex-astros-coach-who-nearly-died-after-parade-throws-1st-pitch/ar-AAvowII,sports
https://www.msn.com/en-us/sports/mlb/harper-homers-again-nationals-rout-braves-to-go-to-4-0/ar-AAvoAAG,sports
https://www.msn.com/en-us/sports/nfl/no-sweatpants-in-public-inside-the-rule-books-for-nfl-cheerleaders/ar-AAvo5oR,sports
https://www.msn.com/en-us/sports/nfl/each-nfl-teams-greatest-weakness-heading-into-the-draft/ss-AAvoNYJ,sports
https://www.msn.com/en-us/sports/ncaabk/kansas-duke-top-way-too-early-college-basketball-rankings-for-2018-19/ar-AAvlFzd,sports
https://www.msn.com/en-us/sports/motorsports/jimmie-johnson-mired-in-winless-streak-can-be-optimistic-at-texas-bristol/ar-AAvptq1,sports
https://www.msn.com/en-us/sports/golf/tiger-woods-phil-mickelson-playing-tuesday-practice-round-together-at-masters/ar-AAvpt48,sports
https://www.msn.com/en-us/sports/nhl/playoff-percentages-kings-closing-in-on-postseason-berth/ar-AAvprj6,sports
https://www.msn.com/en-us/sports/nhl/the-sports-world-pays-tribute-to-the-sedin-twins-retiring/ar-AAvnKDS,sports
https://www.msn.com/en-us/sports/nhl/sharks-host-stars-looking-to-end-three-game-losing-streak/ar-AAvoN82,sports
https://www.msn.com/en-us/sports/golf/mac-engel-tigers-legacy-will-ultimately-feel-like-it-lipped-out/ar-AAvoleM,sports
https://www.msn.com/en-us/sports/golf/augusta-national-attempts-to-maintain-risk-reward-balance-of-no-13/ar-AAvpx4I,sports
https://www.msn.com/en-us/sports/motorsports/nascar-america-next-seven-races-are-most-important-before-playoffs/ar-AAvonuD,sports
https://www.msn.com/en-us/sports/motorsports/leonard-wood-morgan-shepherd-not-slowing-down-in-old-age/ar-AAvo5Z8,sports
https://www.msn.com/en-us/sports/ncaabk/top-10-college-basketball-moments-of-mens-and-womens-final-four/ar-AAvpHEe,sports
https://www.msn.com/en-us/sports/ncaabk/michigans-beilein-dont-worry-about-me-after-title-miss/ar-AAvoQnE,sports
https://www.nytimes.com/2018/04/02/sports/ncaa-championship-villanova-michigan.html?rref=collection%2Fsectioncollection%2Fsports&action=click&contentCollection=sports&region=rank&module=package&version=highlights&contentPlacement=2&pgtype=sectionfront,sports
https://www.nytimes.com/2018/04/02/sports/baseball/giancarlo-stanton-yankees.html?rref=collection%2Fsectioncollection%2Fsports&action=click&contentCollection=sports&region=rank&module=package&version=highlights&contentPlacement=4&pgtype=sectionfront,sports
https://www.nytimes.com/2018/04/02/sports/golf/pernilla-lindberg-inbee-park-lpga-ana-inspiration.html?rref=collection%2Fsectioncollection%2Fsports&action=click&contentCollection=sports&region=rank&module=package&version=highlights&contentPlacement=9&pgtype=sectionfront,sports
https://www.nytimes.com/2018/04/02/sports/ncaa-final-four-travel-bans.html?rref=collection%2Fsectioncollection%2Fsports&action=click&contentCollection=sports&region=rank&module=package&version=highlights&contentPlacement=14&pgtype=sectionfront&mtrref=www.nytimes.com&gwh=37EF7F22DF48C19C1C5552D1C568BC82&gwt=pay,sports
https://www.nytimes.com/2018/04/02/sports/steve-smith-cricket-australia.html?rref=collection%2Fsectioncollection%2Fsports&action=click&contentCollection=sports&region=rank&module=package&version=highlights&contentPlacement=12&pgtype=sectionfront&mtrref=www.nytimes.com&gwh=1F4CA9D93269B1E0E9AE450A9654C205&gwt=pay,sports
https://www.nytimes.com/2018/04/02/sports/basketball/charlotte-hornets-mitch-kupchak-lakers.html?rref=collection%2Fsectioncollection%2Fsports&action=click&contentCollection=sports&region=rank&module=package&version=highlights&contentPlacement=11&pgtype=sectionfront,sports
https://www.nytimes.com/2018/03/31/business/tiger-woods-advertising.html?rref=collection%2Fsectioncollection%2Fsports&action=click&contentCollection=sports&region=rank&module=package&version=highlights&contentPlacement=10&pgtype=sectionfront,sports